name,gene,#chr,start,end,AF,rare,cases_0,cases_1,cases_2,controls_0,controls_1,controls_2,midpoint,AF_cases,AF_controls,p,coeff
PedSV.v2.3_DEL_chr2_1664,MYCN,chr2,15611607,15611739,0.0013413300039246,True,426,3,0,1947,1,0,15611673.0,0.0034965034965034965,0.0002566735112936345,0.014827004794718213,2.8858185666821092
PedSV.v2.3_DEL_chr2_1698,MYCN,chr2,15941541,15941792,0.039172600954771,False,191,203,1,2031,1,0,15941666.5,0.25949367088607594,0.00024606299212598425,1.136216504964975e-14,7.794697268766365
PedSV.v2.3_DUP_chr2_718,MYCN,chr2,16113712,16113862,0.5881789922714233,False,22,293,131,120,1826,86,16113787.0,0.6221973094170403,0.49163385826771655,5.600836147554084e-37,1.8169978025875981
PedSV.v2.3_DEL_chr2_1719,MYCN,chr2,16131505,16133768,0.5537350177764893,False,27,374,31,13,1772,218,16132636.5,0.5046296296296297,0.5511732401397903,4.843152534227312e-07,-0.9636177595708956
PedSV.v2.3_DEL_chr2_1721,MYCN,chr2,16143101,16149001,0.4350039958953857,False,8,84,290,1881,12,0,16146051.0,0.8691099476439791,0.003169572107765452,2.316114417287396e-41,7.88316424807749
PedSV.v2.3_DUP_chr2_721,MYCN,chr2,16143935,16143990,0.0630917027592659,False,432,14,1,1651,374,7,16143962.5,0.017897091722595078,0.09547244094488189,6.7290865700498014e-12,-1.7912214892362581
PedSV.v2.3_DEL_chr2_1723,MYCN,chr2,16146439,16146505,0.4309169948101043,False,293,132,22,121,914,997,16146472.0,0.19686800894854586,0.7155511811023622,7.947975894756868e-110,-2.609024487545813
PedSV.v2.3_INS_chr2_470,MYCN,chr2,16148390,16148390,0.5175430178642273,False,229,196,17,0,1139,893,16148390.0,0.26018099547511314,0.7197342519685039,3.69367656209505e-63,-4.2887296483559885
PedSV.v2.3_DUP_chr2_724,MYCN,chr2,16225124,16226720,0.8696010112762451,False,0,193,254,0,668,1364,16225922.0,0.7841163310961968,0.8356299212598425,3.682890570681136e-05,-0.4435414397843279
PedSV.v2.3_INS_chr2_476,MYCN,chr2,16395357,16395357,0.3692589998245239,False,94,349,3,742,1290,0,16395357.0,0.39798206278026904,0.3174212598425197,1.9645052557176238e-10,0.8092316201945097
